﻿ISO-alpha2 Code;ISO-alpha3 Code;M49 Code;Country or Area;Intermediate Region Code 2;Intermediate Region Name ;Region Code;Region Name
DZ;DZA;12;Algeria;15;Northern Africa;2;Africa
EG;EGY;818;Egypt;15;Northern Africa;2;Africa
LY;LBY;434;Libya;15;Northern Africa;2;Africa
MA;MAR;504;Morocco;15;Northern Africa;2;Africa
SD;SDN;729;Sudan;15;Northern Africa;2;Africa
TN;TUN;788;Tunisia;15;Northern Africa;2;Africa
EH;ESH;732;Western Sahara;15;Northern Africa;2;Africa
IO;IOT;86;British Indian Ocean;14;Eastern Africa;2;Africa
BI;BDI;108;Burundi;14;Eastern Africa;2;Africa
KM;COM;174;Comoros;14;Eastern Africa;2;Africa
DJ;DJI;262;Djibouti;14;Eastern Africa;2;Africa
ER;ERI;232;Eritrea;14;Eastern Africa;2;Africa
ET;ETH;231;Ethiopia;14;Eastern Africa;2;Africa
TF;ATF;260;French Southern ;14;Eastern Africa;2;Africa
KE;KEN;404;Kenya;14;Eastern Africa;2;Africa
MG;MDG;450;Madagascar;14;Eastern Africa;2;Africa
MW;MWI;454;Malawi;14;Eastern Africa;2;Africa
MU;MUS;480;Mauritius;14;Eastern Africa;2;Africa
YT;MYT;175;Mayotte;14;Eastern Africa;2;Africa
MZ;MOZ;508;Mozambique;14;Eastern Africa;2;Africa
RE;REU;638;Réunion;14;Eastern Africa;2;Africa
RW;RWA;646;Rwanda;14;Eastern Africa;2;Africa
SC;SYC;690;Seychelles;14;Eastern Africa;2;Africa
SO;SOM;706;Somalia;14;Eastern Africa;2;Africa
SS;SSD;728;South Sudan;14;Eastern Africa;2;Africa
UG;UGA;800;Uganda;14;Eastern Africa;2;Africa
TZ;TZA;834;United Republic of Tanzania;14;Eastern Africa;2;Africa
ZM;ZMB;894;Zambia;14;Eastern Africa;2;Africa
ZW;ZWE;716;Zimbabwe;14;Eastern Africa;2;Africa
AO;AGO;24;Angola;17;Middle Africa;2;Africa
CM;CMR;120;Cameroon;17;Middle Africa;2;Africa
CF;CAF;140;Central African Republic;17;Middle Africa;2;Africa
TD;TCD;148;Chad;17;Middle Africa;2;Africa
CG;COG;178;Congo;17;Middle Africa;2;Africa
CD;COD;180;Republi Democ. Congo;17;Middle Africa;2;Africa
GQ;GNQ;226;Equatorial Guinea;17;Middle Africa;2;Africa
GA;GAB;266;Gabon;17;Middle Africa;2;Africa
ST;STP;678;Sao Tome;17;Middle Africa;2;Africa
BW;BWA;72;Botswana;18;Southern Africa;2;Africa
SZ;SWZ;748;Eswatini;18;Southern Africa;2;Africa
LS;LSO;426;Lesotho;18;Southern Africa;2;Africa
NA;NAM;516;Namibia;18;Southern Africa;2;Africa
ZA;ZAF;710;South Africa;18;Southern Africa;2;Africa
BJ;BEN;204;Benin;11;Western Africa;2;Africa
BF;BFA;854;Burkina Faso;11;Western Africa;2;Africa
CV;CPV;132;Cabo Verde;11;Western Africa;2;Africa
CI;CIV;384;Côte d’Ivoire;11;Western Africa;2;Africa
GM;GMB;270;Gambia;11;Western Africa;2;Africa
GH;GHA;288;Ghana;11;Western Africa;2;Africa
GN;GIN;324;Guinea;11;Western Africa;2;Africa
GW;GNB;624;Guinea-Bissau;11;Western Africa;2;Africa
LR;LBR;430;Liberia;11;Western Africa;2;Africa
ML;MLI;466;Mali;11;Western Africa;2;Africa
MR;MRT;478;Mauritania;11;Western Africa;2;Africa
NE;NER;562;Niger;11;Western Africa;2;Africa
NG;NGA;566;Nigeria;11;Western Africa;2;Africa
SH;SHN;654;Saint Helena;11;Western Africa;2;Africa
SN;SEN;686;Senegal;11;Western Africa;2;Africa
SL;SLE;694;Sierra Leone;11;Western Africa;2;Africa
TG;TGO;768;Togo;11;Western Africa;2;Africa
AI;AIA;660;Anguilla;29;Caribbean;19;Americas
AG;ATG;28;Antigua and Barbuda;29;Caribbean;19;Americas
AW;ABW;533;Aruba;29;Caribbean;19;Americas
BS;BHS;44;Bahamas;29;Caribbean;19;Americas
BB;BRB;52;Barbados;29;Caribbean;19;Americas
BQ;BES;535;Bonaire;29;Caribbean;19;Americas
VG;VGB;92;British Virgin Islands;29;Caribbean;19;Americas
KY;CYM;136;Cayman Islands;29;Caribbean;19;Americas
CU;CUB;192;Cuba;29;Caribbean;19;Americas
CW;CUW;531;Curaçao;29;Caribbean;19;Americas
DM;DMA;212;Dominica;29;Caribbean;19;Americas
DO;DOM;214;Dominican Republic;29;Caribbean;19;Americas
GD;GRD;308;Grenada;29;Caribbean;19;Americas
GP;GLP;312;Guadeloupe;29;Caribbean;19;Americas
HT;HTI;332;Haiti;29;Caribbean;19;Americas
JM;JAM;388;Jamaica;29;Caribbean;19;Americas
MQ;MTQ;474;Martinique;29;Caribbean;19;Americas
MS;MSR;500;Montserrat;29;Caribbean;19;Americas
PR;PRI;630;Puerto Rico;29;Caribbean;19;Americas
BL;BLM;652;Saint Barthélemy;29;Caribbean;19;Americas
KN;KNA;659;Saint Kitts and Nevis;29;Caribbean;19;Americas
LC;LCA;662;Saint Lucia;29;Caribbean;19;Americas
MF;MAF;663;Saint Martin;29;Caribbean;19;Americas
VC;VCT;670;Saint Vincent;29;Caribbean;19;Americas
SX;SXM;534;Sint Maarten;29;Caribbean;19;Americas
TT;TTO;780;Trinidad and Tobago;29;Caribbean;19;Americas
TC;TCA;796;Turks and Caicos Islands;29;Caribbean;19;Americas
VI;VIR;850;United States Virgin;29;Caribbean;19;Americas
BZ;BLZ;84;Belize;13;Central America;19;Americas
CR;CRI;188;Costa Rica;13;Central America;19;Americas
SV;SLV;222;El Salvador;13;Central America;19;Americas
GT;GTM;320;Guatemala;13;Central America;19;Americas
HN;HND;340;Honduras;13;Central America;19;Americas
MX;MEX;484;Mexico;13;Central America;19;Americas
NI;NIC;558;Nicaragua;13;Central America;19;Americas
PA;PAN;591;Panama;13;Central America;19;Americas
AR;ARG;32;Argentina;5;South America;19;Americas
BO;BOL;68;Bolivia;5;South America;19;Americas
BV;BVT;74;Bouvet Island;5;South America;19;Americas
BR;BRA;76;Brazil;5;South America;19;Americas
CL;CHL;152;Chile;5;South America;19;Americas
CO;COL;170;Colombia;5;South America;19;Americas
EC;ECU;218;Ecuador;5;South America;19;Americas
FK;FLK;238;Falkland Islands;5;South America;19;Americas
GF;GUF;254;French Guiana;5;South America;19;Americas
GY;GUY;328;Guyana;5;South America;19;Americas
PY;PRY;600;Paraguay;5;South America;19;Americas
PE;PER;604;Peru;5;South America;19;Americas
GS;SGS;239;South Georgia;5;South America;19;Americas
SR;SUR;740;Suriname;5;South America;19;Americas
UY;URY;858;Uruguay;5;South America;19;Americas
VE;VEN;862;Venezuela;5;South America;19;Americas
BM;BMU;60;Bermuda;21;Northern America;19;Americas
CA;CAN;124;Canada;21;Northern America;19;Americas
GL;GRL;304;Greenland;21;Northern America;19;Americas
PM;SPM;666;Saint Pierre and Miquelon;21;Northern America;19;Americas
US;USA;840;United States of America;21;Northern America;19;Americas
KZ;KAZ;398;Kazakhstan;143;Central Asia;142;Asia
KG;KGZ;417;Kyrgyzstan;143;Central Asia;142;Asia
TJ;TJK;762;Tajikistan;143;Central Asia;142;Asia
TM;TKM;795;Turkmenistan;143;Central Asia;142;Asia
UZ;UZB;860;Uzbekistan;143;Central Asia;142;Asia
CN;CHN;156;China;30;Eastern Asia;142;Asia
HK;HKG;344;China, Hong Kong;30;Eastern Asia;142;Asia
MO;MAC;446;China, Macao;30;Eastern Asia;142;Asia
KP;PRK;408;Republic of Korea;30;Eastern Asia;142;Asia
JP;JPN;392;Japan;30;Eastern Asia;142;Asia
MN;MNG;496;Mongolia;30;Eastern Asia;142;Asia
KR;KOR;410;Republic of Korea;30;Eastern Asia;142;Asia
BN;BRN;96;Brunei Darussalam;35;South-eastern Asia;142;Asia
KH;KHM;116;Cambodia;35;South-eastern Asia;142;Asia
ID;IDN;360;Indonesia;35;South-eastern Asia;142;Asia
LA;LAO;418;Lao ;35;South-eastern Asia;142;Asia
MY;MYS;458;Malaysia;35;South-eastern Asia;142;Asia
MM;MMR;104;Myanmar;35;South-eastern Asia;142;Asia
PH;PHL;608;Philippines;35;South-eastern Asia;142;Asia
SG;SGP;702;Singapore;35;South-eastern Asia;142;Asia
TH;THA;764;Thailand;35;South-eastern Asia;142;Asia
TL;TLS;626;Timor-Leste;35;South-eastern Asia;142;Asia
VN;VNM;704;Viet Nam;35;South-eastern Asia;142;Asia
AF;AFG;4;Afghanistan;34;Southern Asia;142;Asia
BD;BGD;50;Bangladesh;34;Southern Asia;142;Asia
BT;BTN;64;Bhutan;34;Southern Asia;142;Asia
IN;IND;356;India;34;Southern Asia;142;Asia
IR;IRN;364;Iran;34;Southern Asia;142;Asia
MV;MDV;462;Maldives;34;Southern Asia;142;Asia
NP;NPL;524;Nepal;34;Southern Asia;142;Asia
PK;PAK;586;Pakistan;34;Southern Asia;142;Asia
LK;LKA;144;Sri Lanka;34;Southern Asia;142;Asia
AM;ARM;51;Armenia;145;Western Asia;142;Asia
AZ;AZE;31;Azerbaijan;145;Western Asia;142;Asia
BH;BHR;48;Bahrain;145;Western Asia;142;Asia
CY;CYP;196;Cyprus;145;Western Asia;142;Asia
GE;GEO;268;Georgia;145;Western Asia;142;Asia
IQ;IRQ;368;Iraq;145;Western Asia;142;Asia
IL;ISR;376;Israel;145;Western Asia;142;Asia
JO;JOR;400;Jordan;145;Western Asia;142;Asia
KW;KWT;414;Kuwait;145;Western Asia;142;Asia
LB;LBN;422;Lebanon;145;Western Asia;142;Asia
OM;OMN;512;Oman;145;Western Asia;142;Asia
QA;QAT;634;Qatar;145;Western Asia;142;Asia
SA;SAU;682;Saudi Arabia;145;Western Asia;142;Asia
PS;PSE;275;State of Palestine;145;Western Asia;142;Asia
SY;SYR;760;Syrian Arab Republic;145;Western Asia;142;Asia
TR;TUR;792;Türkiye;145;Western Asia;142;Asia
AE;ARE;784;United Arab Emirates;145;Western Asia;142;Asia
YE;YEM;887;Yemen;145;Western Asia;142;Asia
BY;BLR;112;Belarus;151;Eastern Europe;150;Europe
BG;BGR;100;Bulgaria;151;Eastern Europe;150;Europe
CZ;CZE;203;Czechia;151;Eastern Europe;150;Europe
HU;HUN;348;Hungary;151;Eastern Europe;150;Europe
PL;POL;616;Poland;151;Eastern Europe;150;Europe
MD;MDA;498;Republic of Moldova;151;Eastern Europe;150;Europe
RO;ROU;642;Romania;151;Eastern Europe;150;Europe
RU;RUS;643;Russian Federation;151;Eastern Europe;150;Europe
SK;SVK;703;Slovakia;151;Eastern Europe;150;Europe
UA;UKR;804;Ukraine;151;Eastern Europe;150;Europe
AX;ALA;248;Åland Islands;154;Northern Europe;150;Europe
DK;DNK;208;Denmark;154;Northern Europe;150;Europe
EE;EST;233;Estonia;154;Northern Europe;150;Europe
FO;FRO;234;Faroe Islands;154;Northern Europe;150;Europe
FI;FIN;246;Finland;154;Northern Europe;150;Europe
GG;GGY;831;Guernsey;154;Northern Europe;150;Europe
IS;ISL;352;Iceland;154;Northern Europe;150;Europe
IE;IRL;372;Ireland;154;Northern Europe;150;Europe
IM;IMN;833;Isle of Man;154;Northern Europe;150;Europe
JE;JEY;832;Jersey;154;Northern Europe;150;Europe
LV;LVA;428;Latvia;154;Northern Europe;150;Europe
LT;LTU;440;Lithuania;154;Northern Europe;150;Europe
NO;NOR;578;Norway;154;Northern Europe;150;Europe
SJ;SJM;744;Svalbard Jan Mayen;154;Northern Europe;150;Europe
SE;SWE;752;Sweden;154;Northern Europe;150;Europe
GB;GBR;826;United Kingdom;154;Northern Europe;150;Europe
AL;ALB;8;Albania;39;Southern Europe;150;Europe
AD;AND;20;Andorra;39;Southern Europe;150;Europe
BA;BIH;70;Bosnia and Herzegovina;39;Southern Europe;150;Europe
HR;HRV;191;Croatia;39;Southern Europe;150;Europe
GI;GIB;292;Gibraltar;39;Southern Europe;150;Europe
GR;GRC;300;Greece;39;Southern Europe;150;Europe
VA;VAT;336;Holy See;39;Southern Europe;150;Europe
IT;ITA;380;Italy;39;Southern Europe;150;Europe
MT;MLT;470;Malta;39;Southern Europe;150;Europe
ME;MNE;499;Montenegro;39;Southern Europe;150;Europe
MK;MKD;807;North Macedonia;39;Southern Europe;150;Europe
PT;PRT;620;Portugal;39;Southern Europe;150;Europe
SM;SMR;674;San Marino;39;Southern Europe;150;Europe
RS;SRB;688;Serbia;39;Southern Europe;150;Europe
SI;SVN;705;Slovenia;39;Southern Europe;150;Europe
ES;ESP;724;Spain;39;Southern Europe;150;Europe
AT;AUT;40;Austria;155;Western Europe;150;Europe
BE;BEL;56;Belgium;155;Western Europe;150;Europe
FR;FRA;250;France;155;Western Europe;150;Europe
DE;DEU;276;Germany;155;Western Europe;150;Europe
LI;LIE;438;Liechtenstein;155;Western Europe;150;Europe
LU;LUX;442;Luxembourg;155;Western Europe;150;Europe
MC;MCO;492;Monaco;155;Western Europe;150;Europe
NL;NLD;528;Netherlands ;155;Western Europe;150;Europe
CH;CHE;756;Switzerland;155;Western Europe;150;Europe
AU;AUS;36;Australia;53;Australia and New Zealand;9;Oceania
CX;CXR;162;Christmas Island;53;Australia and New Zealand;9;Oceania
CC;CCK;166;Cocos Islands;53;Australia and New Zealand;9;Oceania
HM;HMD;334;Heard Island ;53;Australia and New Zealand;9;Oceania
NZ;NZL;554;New Zealand;53;Australia and New Zealand;9;Oceania
NF;NFK;574;Norfolk Island;53;Australia and New Zealand;9;Oceania
FJ;FJI;242;Fiji;54;Melanesia;9;Oceania
NC;NCL;540;New Caledonia;54;Melanesia;9;Oceania
PG;PNG;598;Papua New Guinea;54;Melanesia;9;Oceania
SB;SLB;90;Solomon Islands;54;Melanesia;9;Oceania
VU;VUT;548;Vanuatu;54;Melanesia;9;Oceania
GU;GUM;316;Guam;57;Micronesia;9;Oceania
KI;KIR;296;Kiribati;57;Micronesia;9;Oceania
MH;MHL;584;Marshall Islands;57;Micronesia;9;Oceania
FM;FSM;583;Micronesia ;57;Micronesia;9;Oceania
NR;NRU;520;Nauru;57;Micronesia;9;Oceania
MP;MNP;580;Northern Mariana Islands;57;Micronesia;9;Oceania
PW;PLW;585;Palau;57;Micronesia;9;Oceania
UM;UMI;581;USA Minor Outlying Islands;57;Micronesia;9;Oceania
AS;ASM;16;American Samoa;61;Polynesia;9;Oceania
CK;COK;184;Cook Islands;61;Polynesia;9;Oceania
PF;PYF;258;French Polynesia;61;Polynesia;9;Oceania
NU;NIU;570;Niue;61;Polynesia;9;Oceania
PN;PCN;612;Pitcairn;61;Polynesia;9;Oceania
WS;WSM;882;Samoa;61;Polynesia;9;Oceania
TK;TKL;772;Tokelau;61;Polynesia;9;Oceania
TO;TON;776;Tonga;61;Polynesia;9;Oceania
TV;TUV;798;Tuvalu;61;Polynesia;9;Oceania
WF;WLF;876;Wallis and Futuna Islands;61;Polynesia;9;Oceania
